title,category,category_id,notes,url,image_url,old_image_url,tags,region,description
Colorado Demographic Story Map,Overview and Maps,overview,,https://arcg.is/0rfjbL0,https://demography.colorado.gov/sites/g/files/lrnvjt1026/files/styles/featured_image/public/DemographicStoryMap.png?itok=hNlca1Iu,https://demography.dola.colorado.gov/map_gallery/img/DemographicStoryMap.png,"storymap, gis, arcgis",Statewide,Comprehensive story map of Colorado demographic trends.
Municipal Boundary Map,Overview and Maps,overview,,https://gis.dola.colorado.gov/CO_Muni,https://demography.colorado.gov/sites/g/files/lrnvjt1026/files/styles/featured_image/public/muniproj_0.png?itok=IcLiOjAI,https://demography.dola.colorado.gov/map_gallery/img/muniproj.png,"boundary, municipal, gis",Cities & Towns,Interactive map of Colorado municipal boundaries and city limits.
Special Districts Map,Overview and Maps,overview,,https://gis.dola.colorado.gov/CO_SpecialDistrict,https://demography.colorado.gov/sites/g/files/lrnvjt1026/files/styles/featured_image/public/sd2_0.png?itok=zGt4Y-_k,https://demography.dola.colorado.gov/map_gallery/img/sd2.png,"specialdistrict, gis, boundary",Districts,Geographic boundaries and mapping for special districts in Colorado.
Social Vulnerability Index,Overview and Maps,overview,,https://experience.arcgis.com/experience/1cc7f3d11316431ea1488b084e4bc656,https://demography.colorado.gov/sites/g/files/lrnvjt1026/files/styles/featured_image/public/SVI.png?itok=LjeIepmv,https://demography.dola.colorado.gov/map_gallery/img/SVI.png,"svi, vulnerability, index, arcgis",Statewide,Mapping social vulnerability indices across Colorado census tracts.
RUCA Urban-Rural Map,Overview and Maps,overview,,https://gis.dola.colorado.gov/CO_RUCA,https://demography.colorado.gov/sites/g/files/lrnvjt1026/files/styles/featured_image/public/ruca.png?itok=9lI_sFjy,https://demography.dola.colorado.gov/map_gallery/img/ruca.png,"ruca, rural, urban, classification",Rural/Urban,Rural-Urban Commuting Area (RUCA) classifications across Colorado.
Colorado County History,Overview and Maps,overview,Todd's new StoryMap - consider for homepage feature,https://arcg.is/1vKb0i1,https://demography.colorado.gov/sites/g/files/lrnvjt1026/files/styles/featured_image/public/1870.png?itok=DuzlY7_T,,,County History,A brief animated history of how Colorado's counties were formed.
Regional & County Demographic Dashboard,Population Totals & Demographics,pop-totals,,https://demography.colorado.gov/demographic-dashboard,https://demography.colorado.gov/sites/g/files/lrnvjt1026/files/styles/large/public/demodash.png?itok=ZpSvi1eA,https://demography.dola.colorado.gov/assets/img/demodash.png,"dashboard, county, forecast, headcount",County Totals,"Regional and county population estimates, forecasts, and age distributions."
Colorado Age Pyramids and Maps,Population Totals & Demographics,pop-totals,,https://experience.arcgis.com/experience/25910e85e58b45b0beb3501db529a032,https://demography.colorado.gov/sites/g/files/lrnvjt1026/files/styles/featured_image/public/pyramids.png?itok=eP-DMlLu,https://demography.dola.colorado.gov/map_gallery/img/pyramids.png,"agepyramid, pyramid, demographics, arcgis",Age Groups,Population age pyramid breakdowns and interactive demographic maps.
Historic County Populations,Population Totals & Demographics,pop-totals,,https://dola-online.maps.arcgis.com/apps/instant/basic/index.html?appid=ba063eb5a4744323bac34a05efe853f1,https://demography.colorado.gov/sites/g/files/lrnvjt1026/files/styles/featured_image/public/Peak_Populations.png?itok=n4PnMltz,,"population, historic",Peak Population,This map shows the decade during which each county in Colorado reached its peak population.
Age Animation,Population Totals & Demographics,pop-totals,,https://gis.dola.colorado.gov/Age-Animation-Bars/,https://demography.colorado.gov/sites/g/files/lrnvjt1026/files/styles/featured_image/public/agebars.png?itok=oNuxtuAk,https://demography.dola.colorado.gov/map_gallery/img/agebars.png,"animation, age, chart, time-series",Time Series,Animated bar chart tracking shifts in age demographics over time.
Age Distribution By Jurisdiction,Population Totals & Demographics,pop-totals,,https://gis.dola.colorado.gov/MultiJurisdictionAgeLineChart/,https://demography.colorado.gov/sites/g/files/lrnvjt1026/files/styles/featured_image/public/agelines.png?itok=xOik-azt,https://demography.dola.colorado.gov/map_gallery/img/agelines.png,"linechart, jurisdiction, age, chart",Jurisdiction,Comparative line charts showing age group distribution across jurisdictions.
Population Change By Age: 1990–2060,Population Totals & Demographics,pop-totals,,https://gis.dola.colorado.gov/AgeMap/,https://demography.colorado.gov/sites/g/files/lrnvjt1026/files/styles/featured_image/public/AgeMap.PNG?itok=L1wzExhq,https://demography.dola.colorado.gov/map_gallery/img/AgeMap.PNG,"projections, age, historical, map",1990 - 2060,Spatiotemporal population change projections by age cohort from 1990 to 2060.
Race Ethnicity by Age Visualization,Population Totals & Demographics,pop-totals,,https://demography.colorado.gov/race-by-age-visualization,https://demography.colorado.gov/sites/g/files/lrnvjt1026/files/styles/featured_image/public/race_age.png?itok=1xD7f9BL,https://demography.dola.colorado.gov/map_gallery/img/race_age.png,"race, ethnicity, age, diversity",Diversity,Visualization breakdown of racial and ethnic demographic distributions by age cohort.
Poverty By Age,Population Totals & Demographics,pop-totals,,https://experience.arcgis.com/experience/64bd6869470544abb9c784c8f9360056,https://demography.colorado.gov/sites/g/files/lrnvjt1026/files/styles/featured_image/public/povbyage.png?itok=ekYAJ1sA,https://demography.dola.colorado.gov/map_gallery/img/povbyage.png,"poverty, age, socioeconomic, arcgis",Socioeconomic,Interactive spatial analysis of poverty rates broken down by age groups.
Colorado County Bracketology,Population Totals & Demographics,pop-totals,,https://gis.dola.colorado.gov/Bracketology/,https://demography.colorado.gov/sites/g/files/lrnvjt1026/files/styles/featured_image/public/Bracketology.PNG?itok=O9U88SZK,https://demography.dola.colorado.gov/map_gallery/img/Bracketology.PNG,"bracketology, interactive, county, ranking",Ranking Tool,Tournament-style bracket game comparing county demographic statistics.
"Population Change: Births, Deaths, and Migration",Births & Deaths (Components),births-deaths,,https://gis.dola.colorado.gov/ComponentsOfChange/,https://demography.colorado.gov/sites/g/files/lrnvjt1026/files/styles/featured_image/public/components_0.png?itok=yJtCYrDU,https://demography.dola.colorado.gov/map_gallery/img/components.png,"births, deaths, migration, naturalincrease",Natural Increase,"Interactive map tracking natural increase, vital events, and population change."
"Long Term Trends: Births, Deaths, Migration",Births & Deaths (Components),births-deaths,,https://demography.colorado.gov/components-of-change-visualization,https://demography.colorado.gov/sites/g/files/lrnvjt1026/files/styles/large/public/coclt.png?itok=2fJXS6iE,https://demography.dola.colorado.gov/map_gallery/img/coclt.png,"long-term, trends, births, deaths, migration",Historical Trends,Multi-decade trendlines for vital statistics and net migration projections.
Birthplace and Residence of Coloradans,Births & Deaths (Components),births-deaths,,https://dola-online.maps.arcgis.com/apps/dashboards/e7f31eec10084ef8a26af7de16847b62,https://demography.colorado.gov/sites/g/files/lrnvjt1026/files/styles/featured_image/public/birthplace.png?itok=ZwYjYlnK,https://demography.dola.colorado.gov/map_gallery/img/birthplace.png,"birthplace, residence, native, census",Birthplace,Dashboard examining native-born vs out-of-state born Colorado residents.
Net Migration by Age Dashboard,Migration & Geographic Mobility,migration,,https://demography.colorado.gov/net-migration-by-age-dashboard,https://demography.colorado.gov/sites/g/files/lrnvjt1026/files/styles/large/public/netmigcomp.png?itok=4tFPNsAZ,https://demography.dola.colorado.gov/map_gallery/img/netmigcomp.png,"netmigration, age, inflow, outflow",Net Flow,Analysis of net population migration dynamics categorized by age cohorts.
Net Migration of Working Age Population,Migration & Geographic Mobility,migration,,https://demography.colorado.gov/net-migration-working-age-dashboard,https://demography.colorado.gov/sites/g/files/lrnvjt1026/files/styles/large/public/netmig1864.png?itok=zlOf8Lrx,https://demography.dola.colorado.gov/map_gallery/img/netmig1864.png,"labor, workingage, migration, mobility",Ages 18-64,Tracking geographic movement and net migration among working-age adults (18-64).
Colorado State to State Migration,Migration & Geographic Mobility,migration,,https://gis.dola.colorado.gov/State_Migration/,https://demography.colorado.gov/sites/g/files/lrnvjt1026/files/styles/featured_image/public/state2state.png?itok=_IMTV7_b,https://demography.dola.colorado.gov/map_gallery/img/state2state.png,"interstate, state-to-state, migration, flows",Interstate,Flow maps detailing origin and destination states for Colorado migrants.
Migration by Age Group,Migration & Geographic Mobility,migration,,https://gis.dola.colorado.gov/AgeMigrationMap/,https://demography.colorado.gov/sites/g/files/lrnvjt1026/files/styles/featured_image/public/AgeMigrationMap.png?itok=JlKu-rcr,https://demography.dola.colorado.gov/map_gallery/img/AgeMigrationMap.png,"agemigration, spatial, map, mobility",Age Mobility,Spatial mapping of in/out migration rates segmented by specific age groups.
Job Change and Net Migration,Migration & Geographic Mobility,migration,,https://gis.dola.colorado.gov/Jobs_Migration_Chart/,https://demography.colorado.gov/sites/g/files/lrnvjt1026/files/styles/large/public/jobchngmig.png?itok=yLOI1bV3,https://demography.dola.colorado.gov/map_gallery/img/jobchngmig.png,"employment, migration, jobs, correlation",Jobs vs Inflow,Comparative charts linking net migration inflows with local job growth.
Colorado County Migration,Migration & Geographic Mobility,migration,,https://dola-online.maps.arcgis.com/apps/dashboards/61bbf2252d8b4e6badcb8b05329a82fc,https://demography.colorado.gov/sites/g/files/lrnvjt1026/files/styles/featured_image/public/CountyMigration.png?itok=hTdfqTNm,,"migration, map",Migration Flows,View Colorado county migration with data from the Internal Revenue Service.
Housing Dashboard,Housing & Households,housing,,https://demography.colorado.gov/housing-dashboard,https://demography.colorado.gov/sites/g/files/lrnvjt1026/files/styles/large/public/housingdash.png?itok=qR0huQ7a,https://demography.dola.colorado.gov/map_gallery/img/housingdash.png,"housing, dashboard, units, households",Housing Units,"Statewide and local housing unit counts, construction trends, and occupancy data."
Housing Needs Assessment Data Bundles (HNA),Housing & Households,housing,,https://demography.colorado.gov/sdo-data-bundle-lookup,https://demography.colorado.gov/sites/g/files/lrnvjt1026/files/styles/featured_image/public/House_Laptop.png?itok=gjCWwkN3,https://demography.dola.colorado.gov/map_gallery/extra_img/HNA_House.jpg,"hna, housingneeds, data-bundles, planning",HNA Toolkit,Specialized data bundles designed for local municipal Housing Needs Assessments.
Census 2020 Interactive Map,Census Applications,census,,https://experience.arcgis.com/experience/a3c38488f7a14be493cab3d691087e34,https://demography.colorado.gov/sites/g/files/lrnvjt1026/files/styles/featured_image/public/Thumb2020.png?itok=eqZhfOPy,https://demography.dola.colorado.gov/map_gallery/img/Thumb2020.png,"census2020, interactive, map, tract",Block & Tract,Interactive geographic map viewer of 2020 Decennial Census results down to block level.
ACS 1-Year State Comparison Dashboard,Census Applications,census,,https://experience.arcgis.com/experience/e0933784dad04c5c89559bb1fdd89afa,https://demography.colorado.gov/sites/g/files/lrnvjt1026/files/styles/featured_image/public/ACS1Yr.png?itok=Ig2F6hz6,https://demography.dola.colorado.gov/map_gallery/img/ACS1Yr.png,"acs, 1-year, census, comparison",ACS Surveys,American Community Survey 1-Year estimates comparing Colorado with other states.
ACS Interactive Maps: 2010–2014 to 2020–2024,Census Applications,census,,https://gis.dola.colorado.gov/CensusAPI_Map_5_Year,https://demography.colorado.gov/sites/g/files/lrnvjt1026/files/styles/featured_image/public/acs1519.PNG?itok=xgWO3pCW,https://demography.dola.colorado.gov/map_gallery/img/acs1519.png,"acs, 5-year, interactive, map",ACS 5-Year,American Community Survey 5-Year period estimates spanning 2006 through 2023.
2020 Census Population Density Map,Census Applications,census,,https://gis.dola.colorado.gov/Density_2020/,https://demography.colorado.gov/sites/g/files/lrnvjt1026/files/styles/featured_image/public/density.png?itok=pG9lMvmu,https://demography.dola.colorado.gov/map_gallery/img/density.png,"density, census2020, map, spatial",Density,High-resolution spatial density mapping of Colorado's population from 2020 census data.
2020 Census Urban Areas Application,Census Applications,census,,https://experience.arcgis.com/experience/53266f70a1ce42ad977299be7c621de7/,https://demography.colorado.gov/sites/g/files/lrnvjt1026/files/styles/featured_image/public/Urban_Area_Thumbnail.png?itok=B1y58uEb,https://demography.dola.colorado.gov/map_gallery/img/Urban_Area_Thumbnail.png,"urban, boundary, census2020, arcgis",Urban Bounds,Geographic viewer for newly delineated Census 2020 Urban Areas in Colorado.
Block Boundary Suggestion Program Map,Census Applications,census,,https://experience.arcgis.com/experience/3220d060ce9e45ba906599b941780e57/,https://demography.colorado.gov/sites/g/files/lrnvjt1026/files/styles/featured_image/public/BBSP.png?itok=vsw0B4rY,,"BBSP, census, map",Cenus Boundaries,Map showing prototype census blocks for the 2030 decennial census.
SDO Census Data API,Census Applications,census,,https://gis.dola.colorado.gov/CensusAPI/,https://demography.colorado.gov/sites/g/files/lrnvjt1026/files/styles/featured_image/public/censusapi.png?itok=n2UmR1J-,https://demography.dola.colorado.gov/map_gallery/img/censusapi.png,"api, developer, census, json",Developer API,RESTful JSON data API portal querying State Demography Office census databases.
Colorado Population Dashboard,Census Applications,census,,https://dola-online.maps.arcgis.com/apps/dashboards/575d7b347e6b49b8951394106572938b,https://demography.colorado.gov/sites/g/files/lrnvjt1026/files/styles/featured_image/public/popdash.png?itok=hPHFZe_S,https://demography.dola.colorado.gov/map_gallery/img/popdash.png,"census, decennial, population, dashboard",Decennial,Official decennial census population and housing statistics dashboard for Colorado.
United States Population Dashboard,Census Applications,census,,https://tiny.utk.edu/nst_est_202x_dash,https://demography.colorado.gov/sites/g/files/lrnvjt1026/files/styles/featured_image/public/popdash.png?itok=hPHFZe_S,https://demography.dola.colorado.gov/map_gallery/img/popdash.png,"national, us, census, comparison",National,National population benchmark dashboard comparing US state population estimates.
Census Reporter Geographic Profiles,Census Applications,census,,https://dola-online.maps.arcgis.com/apps/dashboards/65296954991240c89394951322598d0a,https://demography.colorado.gov/sites/g/files/lrnvjt1026/files/styles/featured_image/public/Census_Profile.png?itok=sFl3xZej,,"ACS, profile, dashboard, census",Dashboard Profile,View Census Reporter data profiles for various geographies in Colorado.
Job Sector Chart,Economy & Jobs Applications,economy,,https://gis.dola.colorado.gov/Jobs_by_sector_chart,https://demography.colorado.gov/sites/g/files/lrnvjt1026/files/styles/featured_image/public/JobSectorChart.png?itok=3igStljW,https://demography.dola.colorado.gov/map_gallery/img/JobSectorChart.png,"economy, jobs, sectors, chart",Sectors,Employment distribution breakdown across major economic sectors in Colorado.
Jobs Base Industries Analysis,Economy & Jobs Applications,economy,,https://gis.dola.colorado.gov/CO_BaseIndustries_Bar,https://demography.colorado.gov/sites/g/files/lrnvjt1026/files/styles/featured_image/public/bars.png?itok=JlUeBzvL,https://demography.dola.colorado.gov/map_gallery/img/bars.png,"baseindustries, economy, jobs, export",Primary Employment,Economic base analysis examining primary job-exporting industries by county.
Unemployment Map,Economy & Jobs Applications,economy,,https://experience.arcgis.com/experience/e9dadff9d8884756a4302451b9c332f5,https://demography.colorado.gov/sites/g/files/lrnvjt1026/files/styles/featured_image/public/unemp.png?itok=ffTXoWqE,https://demography.dola.colorado.gov/map_gallery/img/unemp.png,"unemployment, map, labor, county",Unemployment,Spatial map tracking county-level monthly unemployment rates and labor force size.
Unemployment Timeseries,Economy & Jobs Applications,economy,,https://gis.dola.colorado.gov/D3_Unemployment,https://demography.colorado.gov/sites/g/files/lrnvjt1026/files/styles/featured_image/public/unVis.png?itok=7lEKwXGG,https://demography.dola.colorado.gov/map_gallery/img/unVis.png,"unemployment, d3, timeseries, chart",Time Series,D3-powered interactive historical time series visualization of Colorado unemployment.
Job Change Map,Economy & Jobs Applications,economy,,https://gis.dola.colorado.gov/Job_Change,https://demography.colorado.gov/sites/g/files/lrnvjt1026/files/styles/featured_image/public/components_0.png?itok=yJtCYrDU,https://demography.dola.colorado.gov/map_gallery/img/components.png,"jobgrowth, change, map, economy",Job Growth,Geographic mapping of annual net job growth and contraction across Colorado counties.
Job Sectors Map,Economy & Jobs Applications,economy,,https://gis.dola.colorado.gov/Job_Sector_County,https://demography.colorado.gov/sites/g/files/lrnvjt1026/files/styles/featured_image/public/JobSector2.PNG?itok=qoCy-dxe,https://demography.dola.colorado.gov/map_gallery/img/JobSector2.png,"jobsectors, spatial, map, industry",Sectors Map,Spatial mapping of predominant job sectors and industry concentrations by county.
Colorado Main Street Communities Story Map,Program Applications,program,,https://arcg.is/198XnX,https://demography.colorado.gov/sites/g/files/lrnvjt1026/files/styles/featured_image/public/MainStreet.png?itok=1Y2fFoCk,https://demography.dola.colorado.gov/map_gallery/img/MainStreet.png,"mainstreet, storymap, community, dola",Main Street,Story map showcasing designated Colorado Main Street program communities.
DOLA Grants Map,Program Applications,program,,https://gis.dola.colorado.gov/CO_Grants,https://demography.colorado.gov/sites/g/files/lrnvjt1026/files/styles/featured_image/public/cogr.png?itok=zCiuZ1R6,https://demography.dola.colorado.gov/map_gallery/img/cogr.png,"grants, funding, dola, map",Grants,Interactive map viewer of Department of Local Affairs (DOLA) community grants awarded.
Socially and Economically Burdened Area Map,Program Applications,program,,https://experience.arcgis.com/experience/8f07415d8a0b4e9e9a500fc774c0b865,https://demography.colorado.gov/sites/g/files/lrnvjt1026/files/styles/featured_image/public/DCMap.png?itok=rmP2G8iI,https://demography.dola.colorado.gov/map_gallery/img/DCMap.png,"equity, burdened, grant-eligibility, map",Burdened Areas,Designation map identifying socially and economically burdened areas for state assistance.
SRF Disadvantaged Communities,Program Applications,program,,https://gis.dola.colorado.gov/disadvantaged_communities,https://demography.colorado.gov/sites/g/files/lrnvjt1026/files/styles/featured_image/public/srf.png?itok=QgQoHJps,https://demography.dola.colorado.gov/map_gallery/img/srf.png,"srf, water, environmental, disadvantaged",SRF Program,State Revolving Fund (SRF) map tool for identifying disadvantaged community criteria.
HUD Low and Moderate Income Map,Program Applications,program,,https://gis.dola.colorado.gov/lowmodacs/,https://demography.colorado.gov/sites/g/files/lrnvjt1026/files/styles/featured_image/public/lowmod.png?itok=eI7Bn1Mi,https://demography.dola.colorado.gov/map_gallery/img/lowmod.png,"hud, lowmod, cdbg, federal",HUD Income,HUD Low and Moderate Income (LMI) map layer based on ACS data for CDBG eligibility.
ESRI Land Cover Explorer,Program Applications,program,,https://livingatlas.arcgis.com/nlcdlandcoverexplorer/#mapCenter=-105.77446%2C39.17287%2C6.88&mode=step&timeExtent=1985%2C2024&renderingRule=0&month=9&year=2024,https://demography.colorado.gov/sites/g/files/lrnvjt1026/files/styles/featured_image/public/Land_Cover.png?itok=Tw8nVQDZ,,,"State, National",A land use land cover (LUCI) map including dynamic change analysis.